,b,tau_a,temp_dom_frequ,space_dom_frequ,down_duration,up_duration,down_space,up_space
0,0.0,1.0,0.025,7.0,80.0,0.0,0.06696428571428571,0.07589285714285714
0,0.025,1.0,0.025,7.0,0.0,80.0,0.06808035714285715,0.07477678571428571
0,0.05,1.0,0.0,7.0,0.0,0.0,0.06696428571428571,0.07589285714285714
0,0.07500000000000001,1.0,0.0,7.0,0.0,0.0,0.06919642857142856,0.07366071428571429
0,0.1,1.0,0.0,7.0,0.0,0.0,0.07142857142857142,0.07142857142857142
0,0.125,1.0,0.0,1.0,0.0,0.0,0.0859375,0.9140625
0,0.15000000000000002,1.0,0.0,7.0,0.0,0.0,0.0,0.14285714285714285
0,0.17500000000000002,1.0,0.0,7.0,0.0,0.0,0.0,0.14285714285714285
0,0.2,1.0,0.0,7.0,0.0,0.0,0.0,0.14285714285714285
0,0.225,1.0,0.0,6.0,0.0,0.0,0.0,0.16666666666666669
0,0.25,1.0,0.0,7.0,0.0,0.0,0.0,0.14285714285714285
0,0.275,1.0,0.0,7.0,0.0,0.0,0.0,0.14285714285714285
0,0.30000000000000004,1.0,0.0,6.0,0.0,0.0,0.0,0.16666666666666669
0,0.325,1.0,0.0,7.0,0.0,0.0,0.0,0.14285714285714285
0,0.35000000000000003,1.0,0.0,0.0,0.0,0.0,0.0,0.0
0,0.375,1.0,0.0,6.0,0.0,0.0,0.0,0.16666666666666669
0,0.4,1.0,0.0,6.0,0.0,0.0,0.0,0.16666666666666669
0,0.42500000000000004,1.0,0.0,6.0,0.0,0.0,0.0,0.16666666666666669
0,0.45,1.0,0.0,4.0,0.0,0.0,0.0,0.25
0,0.47500000000000003,1.0,0.0,0.0,0.0,0.0,0.0,0.0
0,0.5,1.0,0.0,0.0,0.0,0.0,0.0,0.0
0,0.0,300.0,0.025,7.0,0.0,80.0,0.06808035714285715,0.07477678571428571
0,0.025,300.0,0.925,7.0,1.032991891891892,1.1291702702702704,0.06808035714285715,0.07477678571428571
0,0.05,300.0,1.35,6.0,0.6572240740740741,0.8242574074074075,0.07552083333333333,0.09114583333333333
0,0.07500000000000001,300.0,1.7000000000000002,6.0,0.5340176470588235,0.6424529411764707,0.07552083333333333,0.09114583333333333
0,0.1,300.0,2.0,6.0,0.45960625000000005,0.5403937500000001,0.078125,0.08854166666666666
0,0.125,300.0,2.25,6.0,0.41563222222222224,0.47325666666666666,0.078125,0.08854166666666666
0,0.15000000000000002,300.0,2.475,6.0,0.3827383838383839,0.42534242424242424,0.08072916666666667,0.0859375
0,0.17500000000000002,300.0,2.7,6.0,0.3564833333333334,0.38425740740740744,0.08072916666666667,0.0859375
0,0.2,300.0,2.875,6.0,0.33968521739130436,0.35596695652173915,0.08072916666666667,0.0859375
0,0.225,300.0,3.075,6.0,0.3216341463414635,0.3287723577235772,0.08333333333333334,0.08333333333333334
0,0.25,300.0,3.25,5.0,0.28948923076923083,0.3258953846153847,0.0953125,0.1046875
0,0.275,300.0,3.4250000000000003,5.0,0.27960802919708033,0.3043335766423358,0.096875,0.10312500000000001
0,0.30000000000000004,300.0,3.5500000000000003,6.0,0.28969718309859155,0.2736830985915493,0.0859375,0.08072916666666667
0,0.325,300.0,3.8000000000000003,7.0,0.2891671052631579,0.23714868421052634,0.078125,0.06473214285714285
0,0.35000000000000003,300.0,3.9000000000000004,5.0,0.25767115384615386,0.255149358974359,0.1,0.1
0,0.375,300.0,4.075,7.0,0.27505950920245403,0.215738036809816,0.07924107142857142,0.06361607142857144
0,0.4,300.0,4.2250000000000005,7.0,0.26802840236686387,0.20534437869822483,0.08035714285714285,0.0625
0,0.42500000000000004,300.0,4.3500000000000005,7.0,0.26267873563218386,0.1970913793103448,0.08147321428571429,0.06138392857142857
0,0.45,300.0,4.4750000000000005,7.0,0.25825754189944133,0.18866983240223462,0.08258928571428571,0.06026785714285714
0,0.47500000000000003,300.0,4.55,5.0,0.2369302197802198,0.2026302197802198,0.1078125,0.09218749999999999
0,0.5,300.0,4.7,7.0,0.25027872340425533,0.17525319148936172,0.08370535714285714,0.05915178571428572
0,0.0,600.0,0.025,7.0,80.0,0.0,0.06696428571428571,0.07589285714285714
0,0.025,600.0,0.7000000000000001,7.0,1.35815,1.498992857142857,0.06808035714285715,0.07477678571428571
0,0.05,600.0,1.0,6.0,0.89434,1.10566,0.07291666666666667,0.09375
0,0.07500000000000001,600.0,1.225,6.0,0.7372775510204083,0.8953755102040816,0.07552083333333333,0.09114583333333333
0,0.1,600.0,1.425,6.0,0.6434701754385965,0.7600385964912281,0.078125,0.08854166666666666
0,0.125,600.0,1.6,6.0,0.58239375,0.6676062500000001,0.078125,0.08854166666666666
0,0.15000000000000002,600.0,1.7750000000000001,6.0,0.5347915492957747,0.5919690140845071,0.078125,0.08854166666666666
0,0.17500000000000002,600.0,1.925,6.0,0.4995753246753247,0.5393857142857144,0.078125,0.08854166666666666
0,0.2,600.0,2.0500000000000003,6.0,0.4752195121951219,0.5003902439024389,0.08072916666666667,0.0859375
0,0.225,600.0,2.1750000000000003,6.0,0.4548850574712643,0.46465517241379306,0.08333333333333334,0.08333333333333334
0,0.25,600.0,2.3000000000000003,6.0,0.4362184782608695,0.43334673913043475,0.08333333333333334,0.08333333333333334
0,0.275,600.0,2.4250000000000003,6.0,0.4181371134020619,0.40660515463917524,0.08333333333333334,0.08333333333333334
0,0.30000000000000004,600.0,2.5250000000000004,6.0,0.40791881188118806,0.38416039603960395,0.08333333333333334,0.08333333333333334
0,0.325,600.0,2.6500000000000004,5.0,0.3729971698113207,0.38171981132075467,0.1,0.1
0,0.35000000000000003,600.0,2.725,6.0,0.38694220183486244,0.347002752293578,0.08854166666666666,0.078125
0,0.375,600.0,2.825,6.0,0.3772654867256638,0.3306991150442478,0.08854166666666666,0.078125
0,0.4,600.0,2.975,7.0,0.38052100840336134,0.29174789915966387,0.08035714285714285,0.0625
0,0.42500000000000004,600.0,3.075,7.0,0.3715772357723578,0.27882926829268295,0.08147321428571429,0.06138392857142857
0,0.45,600.0,3.1750000000000003,7.0,0.3630023622047244,0.26691889763779525,0.08147321428571429,0.06138392857142857
0,0.47500000000000003,600.0,3.25,7.0,0.3587730769230769,0.2566115384615385,0.08258928571428571,0.06026785714285714
0,0.5,600.0,3.325,7.0,0.3538022556390978,0.2477015037593985,0.08370535714285714,0.05915178571428572
0,0.0,900.0,0.025,7.0,0.0,80.0,0.06808035714285715,0.07477678571428571
0,0.025,900.0,0.5750000000000001,7.0,1.6518173913043477,1.8264434782608694,0.06808035714285715,0.07477678571428571
0,0.05,900.0,0.8500000000000001,7.0,1.1314941176470588,1.2214470588235296,0.06919642857142856,0.07366071428571429
0,0.07500000000000001,900.0,1.0,6.0,0.9086725000000001,1.0913275000000002,0.07552083333333333,0.09114583333333333
0,0.1,900.0,1.175,6.0,0.7845276595744681,0.9176000000000001,0.07552083333333333,0.09114583333333333
0,0.125,900.0,1.3250000000000002,6.0,0.7024830188679244,0.8069509433962263,0.078125,0.08854166666666666
0,0.15000000000000002,900.0,1.4500000000000002,6.0,0.6536689655172413,0.7256413793103448,0.078125,0.08854166666666666
0,0.17500000000000002,900.0,1.5750000000000002,6.0,0.6088253968253967,0.6610158730158731,0.08072916666666667,0.0859375
0,0.2,900.0,1.675,6.0,0.5818835820895523,0.6121462686567164,0.08072916666666667,0.0859375
0,0.225,900.0,1.7750000000000001,6.0,0.5577183098591549,0.5690422535211268,0.08072916666666667,0.0859375
0,0.25,900.0,1.875,6.0,0.5350159999999999,0.5316506666666668,0.08333333333333334,0.08333333333333334
0,0.275,900.0,1.975,6.0,0.5133240506329114,0.4993341772151899,0.0859375,0.08072916666666667
0,0.30000000000000004,900.0,2.075,6.0,0.49656987951807235,0.46728554216867474,0.0859375,0.08072916666666667
0,0.325,900.0,2.15,6.0,0.48386279069767446,0.4463697674418605,0.0859375,0.08072916666666667
0,0.35000000000000003,900.0,2.225,6.0,0.4728932584269663,0.4259831460674157,0.08854166666666666,0.078125
0,0.375,900.0,2.325,6.0,0.45831827956989246,0.4018967741935484,0.08854166666666666,0.078125
0,0.4,900.0,2.4000000000000004,6.0,0.44855208333333335,0.38478125,0.08854166666666666,0.078125
0,0.42500000000000004,900.0,2.5250000000000004,7.0,0.45214257425742577,0.3399366336633663,0.08258928571428571,0.06026785714285714
0,0.45,900.0,2.6,7.0,0.4438192307692308,0.32541153846153853,0.08258928571428571,0.06026785714285714
0,0.47500000000000003,900.0,2.6500000000000004,7.0,0.43982169811320754,0.31489528301886793,0.08370535714285714,0.05915178571428572
0,0.5,900.0,2.725,7.0,0.43173211009174317,0.3022128440366973,0.08370535714285714,0.05915178571428572
0,0.0,1200.0,0.025,7.0,80.0,0.0,0.06808035714285715,0.07477678571428571
0,0.025,1200.0,0.5,7.0,1.9129650000000002,2.0870349999999998,0.06808035714285715,0.07477678571428571
0,0.05,1200.0,0.7250000000000001,7.0,1.3283620689655173,1.4302586206896553,0.06808035714285715,0.07477678571428571
0,0.07500000000000001,1200.0,0.9,7.0,1.0885027777777778,1.1337194444444447,0.0703125,0.07254464285714286
0,0.1,1200.0,1.0250000000000001,6.0,0.8993999999999999,1.051819512195122,0.078125,0.08854166666666666
0,0.125,1200.0,1.1500000000000001,6.0,0.8158695652173913,0.9232608695652172,0.078125,0.08854166666666666
0,0.15000000000000002,1200.0,1.25,6.0,0.7552840000000001,0.844716,0.08072916666666667,0.0859375
0,0.17500000000000002,1200.0,1.35,6.0,0.7118370370370372,0.7696444444444445,0.08072916666666667,0.0859375
0,0.2,1200.0,1.4500000000000002,6.0,0.6755637931034483,0.7037465517241379,0.08072916666666667,0.0859375
0,0.225,1200.0,1.55,6.0,0.6373532258064516,0.6529693548387098,0.08072916666666667,0.0859375
0,0.25,1200.0,1.625,6.0,0.6185907692307693,0.6121784615384617,0.08333333333333334,0.08333333333333334
0,0.275,1200.0,1.725,6.0,0.5892782608695653,0.5701420289855071,0.08333333333333334,0.08333333333333334
0,0.30000000000000004,1200.0,1.8,6.0,0.5726930555555556,0.5384180555555557,0.0859375,0.08072916666666667
0,0.325,1200.0,1.875,6.0,0.5540973333333334,0.5125693333333333,0.0859375,0.08072916666666667
0,0.35000000000000003,1200.0,1.925,6.0,0.5473064935064934,0.49165454545454557,0.08854166666666666,0.078125
0,0.375,1200.0,2.0,6.0,0.5316062500000001,0.46839375,0.08854166666666666,0.078125
0,0.4,1200.0,2.075,6.0,0.5196951807228916,0.4441602409638555,0.08854166666666666,0.078125
0,0.42500000000000004,1200.0,2.1750000000000003,7.0,0.5260793103448276,0.3934609195402298,0.08147321428571429,0.06138392857142857
0,0.45,1200.0,2.25,7.0,0.5118944444444444,0.37699444444444447,0.08258928571428571,0.06026785714285714
0,0.47500000000000003,1200.0,2.3000000000000003,7.0,0.5069326086956522,0.36263260869565217,0.08370535714285714,0.05915178571428572
0,0.5,1200.0,2.35,7.0,0.5003159574468086,0.35074787234042554,0.08370535714285714,0.05915178571428572
0,0.0,1500.0,0.025,7.0,0.0,80.0,0.06696428571428571,0.07589285714285714
0,0.025,1500.0,0.45,7.0,2.10095,2.3434944444444445,0.06808035714285715,0.07477678571428571
0,0.05,1500.0,0.65,7.0,1.492469230769231,1.5844538461538462,0.06919642857142856,0.07366071428571429
0,0.07500000000000001,1500.0,0.8,7.0,1.2219375000000001,1.2780625,0.06919642857142856,0.07366071428571429
0,0.1,1500.0,0.9,6.0,1.0230694444444446,1.199152777777778,0.078125,0.08854166666666666
0,0.125,1500.0,1.0250000000000001,6.0,0.9108634146341461,1.0403560975609756,0.078125,0.08854166666666666
0,0.15000000000000002,1500.0,1.125,6.0,0.8432577777777779,0.9345200000000001,0.078125,0.08854166666666666
0,0.17500000000000002,1500.0,1.225,6.0,0.7885326530612246,0.8441204081632655,0.08072916666666667,0.0859375
0,0.2,1500.0,1.3,6.0,0.7484115384615385,0.79005,0.08072916666666667,0.0859375
0,0.225,1500.0,1.375,6.0,0.7199454545454546,0.7346,0.08333333333333334,0.08333333333333334
0,0.25,1500.0,1.4500000000000002,6.0,0.6919931034482759,0.6873172413793103,0.08333333333333334,0.08333333333333334
0,0.275,1500.0,1.5250000000000001,6.0,0.6646049180327869,0.6468704918032786,0.08333333333333334,0.08333333333333334
0,0.30000000000000004,1500.0,1.6,6.0,0.643325,0.6066750000000001,0.0859375,0.08072916666666667
0,0.325,1500.0,1.675,6.0,0.6232940298507463,0.5707358208955223,0.0859375,0.08072916666666667
0,0.35000000000000003,1500.0,1.725,6.0,0.6091710144927537,0.5502492753623188,0.0859375,0.08072916666666667
0,0.375,1500.0,1.8,6.0,0.5905611111111111,0.5205500000000001,0.08854166666666666,0.078125
0,0.4,1500.0,1.85,6.0,0.5826081081081081,0.49847297297297305,0.09114583333333333,0.07552083333333333
0,0.42500000000000004,1500.0,1.925,5.0,0.5466922077922078,0.4922688311688312,0.1046875,0.0953125
0,0.45,1500.0,2.0,7.0,0.5765350000000001,0.423465,0.08258928571428571,0.06026785714285714
0,0.47500000000000003,1500.0,2.0500000000000003,7.0,0.5677560975609754,0.40785365853658534,0.08258928571428571,0.06026785714285714
0,0.5,1500.0,2.125,7.0,0.5533917647058824,0.387784705882353,0.08482142857142858,0.05803571428571429
0,0.0,1800.0,0.025,7.0,0.0,80.0,0.06808035714285715,0.07477678571428571
0,0.025,1800.0,0.42500000000000004,7.0,2.262752941176471,2.443129411764706,0.06808035714285715,0.07477678571428571
0,0.05,1800.0,0.6000000000000001,7.0,1.6059916666666665,1.7273416666666666,0.06919642857142856,0.07366071428571429
0,0.07500000000000001,1800.0,0.75,7.0,1.3111833333333334,1.3554833333333336,0.06919642857142856,0.07366071428571429
0,0.1,1800.0,0.8250000000000001,6.0,1.1217060606060607,1.3025363636363636,0.078125,0.08854166666666666
0,0.125,1800.0,0.925,6.0,1.0129135135135134,1.1492486486486486,0.078125,0.08854166666666666
0,0.15000000000000002,1800.0,1.0250000000000001,6.0,0.9258121951219512,1.0254073170731706,0.078125,0.08854166666666666
0,0.17500000000000002,1800.0,1.1,6.0,0.8750454545454547,0.9431363636363637,0.08072916666666667,0.0859375
0,0.2,1800.0,1.2000000000000002,6.0,0.8155208333333333,0.8511458333333333,0.08072916666666667,0.0859375
0,0.225,1800.0,1.2750000000000001,6.0,0.7769039215686274,0.7917235294117646,0.08333333333333334,0.08333333333333334
0,0.25,1800.0,1.3250000000000002,6.0,0.7552415094339622,0.7541924528301887,0.08333333333333334,0.08333333333333334
0,0.275,1800.0,1.4000000000000001,6.0,0.7255535714285715,0.7030178571428571,0.08333333333333334,0.08333333333333334
0,0.30000000000000004,1800.0,1.475,6.0,0.6979644067796611,0.6579677966101696,0.0859375,0.08072916666666667
0,0.325,1800.0,1.5250000000000001,6.0,0.6827655737704917,0.6287098360655736,0.0859375,0.08072916666666667
0,0.35000000000000003,1800.0,1.5750000000000002,6.0,0.6705492063492063,0.5992920634920634,0.08854166666666666,0.078125
0,0.375,1800.0,1.6500000000000001,6.0,0.6455878787878788,0.5665333333333333,0.08854166666666666,0.078125
0,0.4,1800.0,1.7000000000000002,6.0,0.6345455882352942,0.5419250000000001,0.08854166666666666,0.078125
0,0.42500000000000004,1800.0,1.75,6.0,0.6207142857142858,0.5221428571428572,0.09114583333333333,0.07552083333333333
0,0.45,1800.0,1.8250000000000002,7.0,0.6332726027397262,0.46261780821917814,0.08258928571428571,0.06026785714285714
0,0.47500000000000003,1800.0,1.875,7.0,0.6201146666666667,0.44655200000000006,0.08258928571428571,0.06026785714285714
0,0.5,1800.0,1.925,7.0,0.6114090909090909,0.4275519480519481,0.08370535714285714,0.05915178571428572
0,0.0,2100.0,0.025,7.0,0.0,80.0,0.06808035714285715,0.07477678571428571
0,0.025,2100.0,0.4,7.0,2.36805625,2.6319437500000005,0.06808035714285715,0.07477678571428571
0,0.05,2100.0,0.55,7.0,1.7542409090909095,1.8821227272727274,0.06919642857142856,0.07366071428571429
0,0.07500000000000001,2100.0,0.7000000000000001,7.0,1.3964785714285712,1.4606642857142855,0.06919642857142856,0.07366071428571429
0,0.1,2100.0,0.775,6.0,1.1928838709677418,1.3877612903225809,0.078125,0.08854166666666666
0,0.125,2100.0,0.9,7.0,1.1194083333333336,1.102813888888889,0.07142857142857142,0.07142857142857142
0,0.15000000000000002,2100.0,0.9500000000000001,6.0,0.9966605263157895,1.1086026315789475,0.08072916666666667,0.0859375
0,0.17500000000000002,2100.0,1.0250000000000001,6.0,0.9359219512195122,1.0152975609756096,0.078125,0.08854166666666666
0,0.2,2100.0,1.1,6.0,0.8891159090909091,0.929065909090909,0.08333333333333334,0.08333333333333334
0,0.225,2100.0,1.175,6.0,0.843263829787234,0.858863829787234,0.08333333333333334,0.08333333333333334
0,0.25,2100.0,1.225,6.0,0.8174734693877551,0.8151795918367347,0.0859375,0.08072916666666667
0,0.275,2100.0,1.3,6.0,0.7830826923076923,0.7553788461538462,0.0859375,0.08072916666666667
0,0.30000000000000004,2100.0,1.35,6.0,0.7606296296296297,0.7208518518518519,0.08333333333333334,0.08333333333333334
0,0.325,2100.0,1.4000000000000001,6.0,0.7439285714285715,0.6846428571428571,0.08854166666666666,0.078125
0,0.35000000000000003,2100.0,1.475,6.0,0.7127847457627119,0.6431474576271187,0.08854166666666666,0.078125
0,0.375,2100.0,1.5250000000000001,6.0,0.6992344262295083,0.6122409836065574,0.08854166666666666,0.078125
0,0.4,2100.0,1.5750000000000002,6.0,0.6826492063492063,0.5871920634920634,0.08854166666666666,0.078125
0,0.42500000000000004,2100.0,1.6,6.0,0.6804765625,0.5695234375,0.09114583333333333,0.07552083333333333
0,0.45,2100.0,1.7000000000000002,7.0,0.6790117647058823,0.4974588235294118,0.08147321428571429,0.06138392857142857
0,0.47500000000000003,2100.0,1.75,7.0,0.6643542857142858,0.4785028571428571,0.08258928571428571,0.06026785714285714
0,0.5,2100.0,1.7750000000000001,7.0,0.662087323943662,0.46467323943661976,0.08370535714285714,0.05915178571428572
0,0.0,2400.0,0.025,7.0,0.0,80.0,0.06696428571428571,0.07589285714285714
0,0.025,2400.0,0.375,7.0,2.5224533333333334,2.81088,0.06808035714285715,0.07477678571428571
0,0.05,2400.0,0.525,7.0,1.830714285714286,1.9788095238095238,0.06919642857142856,0.07366071428571429
0,0.07500000000000001,2400.0,0.65,7.0,1.4896653846153847,1.5872576923076924,0.0703125,0.07254464285714286
0,0.1,2400.0,0.75,7.0,1.3220466666666668,1.3446200000000001,0.0703125,0.07254464285714286
0,0.125,2400.0,0.8250000000000001,7.0,1.2110030303030306,1.213239393939394,0.07142857142857142,0.07142857142857142
0,0.15000000000000002,2400.0,0.925,7.0,1.0986135135135136,1.0635486486486487,0.07254464285714286,0.0703125
0,0.17500000000000002,2400.0,0.9750000000000001,6.0,0.9887282051282051,1.0625538461538462,0.078125,0.08854166666666666
0,0.2,2400.0,1.0250000000000001,6.0,0.949151219512195,1.0020682926829267,0.08072916666666667,0.0859375
0,0.225,2400.0,1.1,6.0,0.9031750000000001,0.9150068181818183,0.08333333333333334,0.08333333333333334
0,0.25,2400.0,1.1500000000000001,6.0,0.8674891304347825,0.871641304347826,0.08333333333333334,0.08333333333333334
0,0.275,2400.0,1.225,6.0,0.8285469387755102,0.8041061224489796,0.0859375,0.08072916666666667
0,0.30000000000000004,2400.0,1.2750000000000001,6.0,0.8089921568627452,0.759635294117647,0.08333333333333334,0.08333333333333334
0,0.325,2400.0,1.3250000000000002,6.0,0.7866207547169811,0.7228132075471698,0.0859375,0.08072916666666667
0,0.35000000000000003,2400.0,1.375,6.0,0.7643727272727274,0.6901727272727274,0.0859375,0.08072916666666667
0,0.375,2400.0,1.425,6.0,0.749801754385965,0.6537070175438597,0.08854166666666666,0.078125
0,0.4,2400.0,1.475,6.0,0.7310508474576273,0.6248813559322034,0.09114583333333333,0.07552083333333333
0,0.42500000000000004,2400.0,1.5,6.0,0.7242416666666668,0.6090916666666667,0.08854166666666666,0.078125
0,0.45,2400.0,1.55,6.0,0.7102725806451613,0.5800500000000001,0.09114583333333333,0.07552083333333333
0,0.47500000000000003,2400.0,1.625,7.0,0.7181046153846156,0.5126646153846154,0.08258928571428571,0.06026785714285714
0,0.5,2400.0,1.675,7.0,0.704058208955224,0.48997164179104474,0.08370535714285714,0.05915178571428572
0,0.0,2700.0,0.025,7.0,80.0,0.0,0.06696428571428571,0.07589285714285714
0,0.025,2700.0,0.35000000000000003,7.0,2.745192857142857,2.9690928571428574,0.06808035714285715,0.07477678571428571
0,0.05,2700.0,0.5,7.0,1.9134250000000002,2.0865750000000003,0.06919642857142856,0.07366071428571429
0,0.07500000000000001,2700.0,0.6000000000000001,7.0,1.6414999999999997,1.6918333333333333,0.0703125,0.07254464285714286
0,0.1,2700.0,0.7000000000000001,7.0,1.4199642857142856,1.4371785714285714,0.0703125,0.07254464285714286
0,0.125,2700.0,0.775,6.0,1.2030741935483873,1.3775709677419354,0.078125,0.08854166666666666
0,0.15000000000000002,2700.0,0.8500000000000001,6.0,1.112864705882353,1.2400764705882354,0.08072916666666667,0.0859375
0,0.17500000000000002,2700.0,0.925,7.0,1.111645945945946,1.0505162162162163,0.07254464285714286,0.0703125
0,0.2,2700.0,0.9750000000000001,6.0,0.9992282051282051,1.052053846153846,0.08072916666666667,0.0859375
0,0.225,2700.0,1.0250000000000001,6.0,0.9696268292682926,0.9815926829268292,0.08333333333333334,0.08333333333333334
0,0.25,2700.0,1.1,6.0,0.909609090909091,0.9085727272727272,0.08333333333333334,0.08333333333333334
0,0.275,2700.0,1.1500000000000001,6.0,0.887828260869565,0.8513021739130435,0.0859375,0.08072916666666667
0,0.30000000000000004,2700.0,1.2000000000000002,6.0,0.8542895833333333,0.8123770833333334,0.0859375,0.08072916666666667
0,0.325,2700.0,1.25,6.0,0.832698,0.7673020000000002,0.0859375,0.08072916666666667
0,0.35000000000000003,2700.0,1.3,6.0,0.809673076923077,0.7287884615384616,0.08854166666666666,0.078125
0,0.375,2700.0,1.3250000000000002,6.0,0.8039698113207546,0.7054641509433961,0.09114583333333333,0.07552083333333333
0,0.4,2700.0,1.375,6.0,0.7841636363636365,0.6703818181818183,0.08854166666666666,0.078125
0,0.42500000000000004,2700.0,1.425,6.0,0.7656052631578948,0.6379035087719299,0.09114583333333333,0.07552083333333333
0,0.45,2700.0,1.4500000000000002,6.0,0.7590120689655172,0.620298275862069,0.09114583333333333,0.07552083333333333
0,0.47500000000000003,2700.0,1.5250000000000001,7.0,0.763183606557377,0.5482918032786884,0.08258928571428571,0.06026785714285714
0,0.5,2700.0,1.5750000000000002,7.0,0.7467031746031746,0.5231380952380952,0.08370535714285714,0.05915178571428572
0,0.0,3000.0,0.025,7.0,80.0,0.0,0.06808035714285715,0.07477678571428571
0,0.025,3000.0,0.325,7.0,2.9642615384615385,3.1895846153846157,0.06808035714285715,0.07477678571428571
0,0.05,3000.0,0.47500000000000003,7.0,2.037115789473684,2.1734105263157892,0.06919642857142856,0.07366071428571429
0,0.07500000000000001,3000.0,0.5750000000000001,7.0,1.7028652173913041,1.775395652173913,0.06919642857142856,0.07366071428571429
0,0.1,3000.0,0.675,7.0,1.456325925925926,1.5066370370370372,0.0703125,0.07254464285714286
0,0.125,3000.0,0.75,7.0,1.3408233333333335,1.3258433333333333,0.07142857142857142,0.07142857142857142
0,0.15000000000000002,3000.0,0.8250000000000001,7.0,1.221439393939394,1.2028030303030306,0.07254464285714286,0.0703125
0,0.17500000000000002,3000.0,0.875,7.0,1.170902857142857,1.1148114285714288,0.07366071428571429,0.06919642857142856
0,0.2,3000.0,0.925,6.0,1.0572621621621623,1.1049000000000002,0.08072916666666667,0.0859375
0,0.225,3000.0,1.0,7.0,1.0543200000000001,0.94568,0.07477678571428571,0.06808035714285715
0,0.25,3000.0,1.0250000000000001,6.0,0.975470731707317,0.9757487804878047,0.08333333333333334,0.08333333333333334
0,0.275,3000.0,1.075,6.0,0.943393023255814,0.9170720930232558,0.08333333333333334,0.08333333333333334
0,0.30000000000000004,3000.0,1.125,6.0,0.91658,0.861197777777778,0.08333333333333334,0.08333333333333334
0,0.325,3000.0,1.175,6.0,0.8869957446808511,0.815131914893617,0.0859375,0.08072916666666667
0,0.35000000000000003,3000.0,1.225,6.0,0.8589448979591837,0.7737081632653062,0.0859375,0.08072916666666667
0,0.375,3000.0,1.2750000000000001,6.0,0.8369117647058822,0.7317156862745098,0.08854166666666666,0.078125
0,0.4,3000.0,1.3,6.0,0.8302038461538461,0.7082576923076923,0.09114583333333333,0.07552083333333333
0,0.42500000000000004,3000.0,1.35,6.0,0.8061018518518519,0.6753796296296297,0.09114583333333333,0.07552083333333333
0,0.45,3000.0,1.375,6.0,0.8004654545454546,0.6540800000000001,0.09114583333333333,0.07552083333333333
0,0.47500000000000003,3000.0,1.4500000000000002,7.0,0.801906896551724,0.577403448275862,0.08370535714285714,0.05915178571428572
0,0.5,3000.0,1.5,7.0,0.7848100000000001,0.5485233333333335,0.08370535714285714,0.05915178571428572
0,0.0,3300.0,0.025,7.0,80.0,0.0,0.06696428571428571,0.07589285714285714
0,0.025,3300.0,0.325,7.0,2.9342153846153853,3.2196307692307693,0.06808035714285715,0.07477678571428571
0,0.05,3300.0,0.45,7.0,2.1607000000000003,2.2837444444444444,0.06919642857142856,0.07366071428571429
0,0.07500000000000001,3300.0,0.55,7.0,1.7785500000000003,1.8578136363636366,0.0703125,0.07254464285714286
0,0.1,3300.0,0.625,7.0,1.583592,1.616408,0.07142857142857142,0.07142857142857142
0,0.125,3300.0,0.7250000000000001,7.0,1.3823517241379308,1.3762689655172413,0.07142857142857142,0.07142857142857142
0,0.15000000000000002,3300.0,0.775,7.0,1.305958064516129,1.2746870967741937,0.07254464285714286,0.0703125
0,0.17500000000000002,3300.0,0.8500000000000001,7.0,1.2064176470588237,1.1465235294117646,0.07254464285714286,0.0703125
0,0.2,3300.0,0.9,7.0,1.1575555555555554,1.0646666666666669,0.07366071428571429,0.06919642857142856
0,0.225,3300.0,0.925,6.0,1.0732135135135137,1.0889486486486488,0.08072916666666667,0.0859375
0,0.25,3300.0,0.9750000000000001,6.0,1.030171794871795,1.0211102564102565,0.08333333333333334,0.08333333333333334
0,0.275,3300.0,1.0250000000000001,6.0,0.9933975609756097,0.9578219512195122,0.0859375,0.08072916666666667
0,0.30000000000000004,3300.0,1.075,6.0,0.9599465116279071,0.9005186046511628,0.0859375,0.08072916666666667
0,0.325,3300.0,1.125,6.0,0.9246377777777779,0.85314,0.08854166666666666,0.078125
0,0.35000000000000003,3300.0,1.175,6.0,0.894763829787234,0.8073638297872341,0.08854166666666666,0.078125
0,0.375,3300.0,1.2000000000000002,6.0,0.8895249999999999,0.7771416666666665,0.08854166666666666,0.078125
0,0.4,3300.0,1.25,6.0,0.862368,0.7376320000000001,0.09114583333333333,0.07552083333333333
0,0.42500000000000004,3300.0,1.2750000000000001,6.0,0.8536196078431372,0.715007843137255,0.09114583333333333,0.07552083333333333
0,0.45,3300.0,1.3250000000000002,6.0,0.8317773584905659,0.6776566037735848,0.09114583333333333,0.07552083333333333
0,0.47500000000000003,3300.0,1.4000000000000001,7.0,0.8312464285714285,0.597325,0.08370535714285714,0.05915178571428572
0,0.5,3300.0,1.425,7.0,0.8249666666666667,0.578542105263158,0.08370535714285714,0.05915178571428572
0,0.0,3600.0,0.025,7.0,0.0,80.0,0.06808035714285715,0.07477678571428571
0,0.025,3600.0,0.30000000000000004,7.0,3.185183333333333,3.4814833333333333,0.06808035714285715,0.07477678571428571
0,0.05,3600.0,0.42500000000000004,7.0,2.2868235294117647,2.4190588235294124,0.06919642857142856,0.07366071428571429
0,0.07500000000000001,3600.0,0.525,7.0,1.8621428571428573,1.9473809523809524,0.06919642857142856,0.07366071428571429
0,0.1,3600.0,0.6000000000000001,7.0,1.6579749999999998,1.6753583333333333,0.07142857142857142,0.07142857142857142
0,0.125,3600.0,0.675,7.0,1.4951370370370372,1.467825925925926,0.07142857142857142,0.07142857142857142
0,0.15000000000000002,3600.0,0.75,7.0,1.35608,1.3105866666666668,0.07254464285714286,0.0703125
0,0.17500000000000002,3600.0,0.8,7.0,1.290603125,1.2093968750000001,0.07366071428571429,0.06919642857142856
0,0.2,3600.0,0.875,7.0,1.1897228571428573,1.0959914285714285,0.07477678571428571,0.06808035714285715
0,0.225,3600.0,0.925,7.0,1.133318918918919,1.0288432432432433,0.07477678571428571,0.06808035714285715
0,0.25,3600.0,0.9500000000000001,6.0,1.050921052631579,1.0543421052631579,0.08333333333333334,0.08333333333333334
0,0.275,3600.0,1.0,6.0,1.019585,0.980415,0.0859375,0.08072916666666667
0,0.30000000000000004,3600.0,1.0250000000000001,6.0,1.002209756097561,0.9490097560975609,0.0859375,0.08072916666666667
0,0.325,3600.0,1.075,6.0,0.9649651162790699,0.8955000000000001,0.0859375,0.08072916666666667
0,0.35000000000000003,3600.0,1.125,6.0,0.9368155555555555,0.8409622222222223,0.08854166666666666,0.078125
0,0.375,3600.0,1.1500000000000001,6.0,0.9294521739130435,0.8096782608695652,0.08854166666666666,0.078125
0,0.4,3600.0,1.2000000000000002,6.0,0.8981124999999999,0.7685541666666665,0.08854166666666666,0.078125
0,0.42500000000000004,3600.0,1.225,6.0,0.890930612244898,0.7417224489795918,0.09114583333333333,0.07552083333333333
0,0.45,3600.0,1.2750000000000001,6.0,0.860578431372549,0.708049019607843,0.09375,0.07291666666666667
0,0.47500000000000003,3600.0,1.3250000000000002,7.0,0.8804320754716981,0.6290018867924527,0.08258928571428571,0.06026785714285714
0,0.5,3600.0,1.375,7.0,0.8553145454545455,0.5992309090909091,0.08370535714285714,0.05915178571428572
0,0.0,3900.0,0.025,7.0,80.0,0.0,0.06696428571428571,0.07589285714285714
0,0.025,3900.0,0.30000000000000004,7.0,3.174066666666666,3.4925999999999995,0.06808035714285715,0.07477678571428571
0,0.05,3900.0,0.4,7.0,2.4215875000000002,2.5784125,0.06919642857142856,0.07366071428571429
0,0.07500000000000001,3900.0,0.5,7.0,1.9706650000000003,2.029335,0.0703125,0.07254464285714286
0,0.1,3900.0,0.5750000000000001,7.0,1.7154608695652174,1.7627999999999997,0.0703125,0.07254464285714286
0,0.125,3900.0,0.625,6.0,1.493672,1.706328,0.078125,0.08854166666666666
0,0.15000000000000002,3900.0,0.7250000000000001,7.0,1.4049827586206896,1.3536379310344828,0.07254464285714286,0.0703125
0,0.17500000000000002,3900.0,0.775,7.0,1.327883870967742,1.2527612903225809,0.07254464285714286,0.0703125
0,0.2,3900.0,0.8250000000000001,7.0,1.2534818181818181,1.1707606060606062,0.07477678571428571,0.06808035714285715
0,0.225,3900.0,0.8500000000000001,6.0,1.1611264705882354,1.1918147058823532,0.08333333333333334,0.08333333333333334
0,0.25,3900.0,0.9,6.0,1.1188305555555556,1.1033916666666668,0.08333333333333334,0.08333333333333334
0,0.275,3900.0,0.9750000000000001,7.0,1.1018153846153846,0.9494666666666667,0.07700892857142858,0.06584821428571429
0,0.30000000000000004,3900.0,1.0,6.0,1.0237175,0.9762825000000002,0.0859375,0.08072916666666667
0,0.325,3900.0,1.0250000000000001,6.0,1.0166365853658537,0.9345829268292682,0.0859375,0.08072916666666667
0,0.35000000000000003,3900.0,1.075,6.0,0.9798232558139535,0.8806418604651163,0.0859375,0.08072916666666667
0,0.375,3900.0,1.125,6.0,0.9474022222222223,0.8303755555555556,0.09114583333333333,0.07552083333333333
0,0.4,3900.0,1.1500000000000001,6.0,0.9358913043478261,0.8032391304347826,0.09114583333333333,0.07552083333333333
0,0.42500000000000004,3900.0,1.175,6.0,0.9299510638297873,0.772176595744681,0.09114583333333333,0.07552083333333333
0,0.45,3900.0,1.225,6.0,0.8973959183673469,0.7352571428571428,0.09114583333333333,0.07552083333333333
0,0.47500000000000003,3900.0,1.25,6.0,0.8876620000000002,0.7123380000000001,0.09375,0.07291666666666667
0,0.5,3900.0,1.3,7.0,0.9055519230769231,0.6329096153846154,0.08482142857142858,0.05803571428571429
0,0.0,4200.0,0.025,7.0,0.0,80.0,0.06696428571428571,0.07589285714285714
0,0.025,4200.0,0.275,7.0,3.4992818181818186,3.7734454545454548,0.06808035714285715,0.07477678571428571
0,0.05,4200.0,0.4,7.0,2.392375,2.607625,0.06808035714285715,0.07477678571428571
0,0.07500000000000001,4200.0,0.47500000000000003,7.0,2.0601052631578947,2.1504210526315792,0.0703125,0.07254464285714286
0,0.1,4200.0,0.5750000000000001,7.0,1.7159130434782606,1.7623478260869565,0.0703125,0.07254464285714286
0,0.125,4200.0,0.625,7.0,1.5886360000000002,1.611364,0.07142857142857142,0.07142857142857142
0,0.15000000000000002,4200.0,0.7000000000000001,7.0,1.4416999999999998,1.415442857142857,0.07254464285714286,0.0703125
0,0.17500000000000002,4200.0,0.75,7.0,1.37261,1.2940566666666669,0.07366071428571429,0.06919642857142856
0,0.2,4200.0,0.8,7.0,1.2990531250000001,1.200946875,0.07366071428571429,0.06919642857142856
0,0.225,4200.0,0.8500000000000001,7.0,1.240535294117647,1.1124058823529412,0.07477678571428571,0.06808035714285715
0,0.25,4200.0,0.9,7.0,1.1850333333333336,1.037188888888889,0.07589285714285714,0.06696428571428571
0,0.275,4200.0,0.9500000000000001,7.0,1.1323894736842106,0.9728736842105263,0.07700892857142858,0.06584821428571429
0,0.30000000000000004,4200.0,0.9750000000000001,7.0,1.1155410256410256,0.9357410256410257,0.078125,0.06473214285714285
0,0.325,4200.0,1.0,6.0,1.041955,0.9580450000000001,0.0859375,0.08072916666666667
0,0.35000000000000003,4200.0,1.0250000000000001,6.0,1.0262341463414633,0.9249853658536584,0.0859375,0.08072916666666667
0,0.375,4200.0,1.075,6.0,0.9889651162790699,0.8715,0.08854166666666666,0.078125
0,0.4,4200.0,1.1,6.0,0.9746727272727272,0.843509090909091,0.09114583333333333,0.07552083333333333
0,0.42500000000000004,4200.0,1.1500000000000001,6.0,0.9446456521739128,0.7944847826086956,0.09114583333333333,0.07552083333333333
0,0.45,4200.0,1.175,6.0,0.9388468085106383,0.7632808510638298,0.09114583333333333,0.07552083333333333
0,0.47500000000000003,4200.0,1.225,7.0,0.9521428571428572,0.6805102040816328,0.08370535714285714,0.05915178571428572
0,0.5,4200.0,1.2750000000000001,7.0,0.9210960784313725,0.6475313725490196,0.08370535714285714,0.05915178571428572
0,0.0,4500.0,0.025,7.0,0.0,80.0,0.06696428571428571,0.07589285714285714
0,0.025,4500.0,0.275,7.0,3.5445,3.728227272727273,0.06808035714285715,0.07477678571428571
0,0.05,4500.0,0.375,7.0,2.56116,2.772173333333334,0.06919642857142856,0.07366071428571429
0,0.07500000000000001,4500.0,0.47500000000000003,7.0,2.062042105263158,2.1484842105263158,0.06919642857142856,0.07366071428571429
0,0.1,4500.0,0.55,7.0,1.787931818181818,1.848431818181818,0.0703125,0.07254464285714286
0,0.125,4500.0,0.6000000000000001,7.0,1.6747333333333334,1.6585999999999996,0.07142857142857142,0.07142857142857142
0,0.15000000000000002,4500.0,0.675,7.0,1.506788888888889,1.4561740740740743,0.07254464285714286,0.0703125
0,0.17500000000000002,4500.0,0.7000000000000001,6.0,1.3726892857142856,1.4844535714285712,0.08072916666666667,0.0859375
0,0.2,4500.0,0.775,7.0,1.3454322580645162,1.2352129032258066,0.07477678571428571,0.06808035714285715
0,0.225,4500.0,0.8250000000000001,7.0,1.2698727272727275,1.154369696969697,0.07477678571428571,0.06808035714285715
0,0.25,4500.0,0.875,7.0,1.217117142857143,1.068597142857143,0.07589285714285714,0.06696428571428571
0,0.275,4500.0,0.9,7.0,1.192625,1.0295972222222225,0.07589285714285714,0.06696428571428571
0,0.30000000000000004,4500.0,0.925,6.0,1.1104729729729732,1.051689189189189,0.0859375,0.08072916666666667
0,0.325,4500.0,0.9750000000000001,6.0,1.0696076923076923,0.9816743589743591,0.08854166666666666,0.078125
0,0.35000000000000003,4500.0,1.0,6.0,1.0544475,0.9455525,0.0859375,0.08072916666666667
0,0.375,4500.0,1.0250000000000001,6.0,1.0377512195121952,0.9134682926829266,0.08854166666666666,0.078125
0,0.4,4500.0,1.075,6.0,1.0006441860465116,0.8598209302325582,0.08854166666666666,0.078125
0,0.42500000000000004,4500.0,1.1,6.0,0.9904295454545454,0.8277522727272728,0.09114583333333333,0.07552083333333333
0,0.45,4500.0,1.125,6.0,0.9791333333333334,0.7986444444444445,0.09375,0.07291666666666667
0,0.47500000000000003,4500.0,1.2000000000000002,7.0,0.9683749999999999,0.6982916666666666,0.08370535714285714,0.05915178571428572
0,0.5,4500.0,1.225,7.0,0.957065306122449,0.6755877551020408,0.08370535714285714,0.05915178571428572
0,0.0,4800.0,0.025,7.0,80.0,0.0,0.06808035714285715,0.07477678571428571
0,0.025,4800.0,0.25,7.0,3.8612300000000004,4.138769999999999,0.06808035714285715,0.07477678571428571
0,0.05,4800.0,0.375,7.0,2.5954466666666667,2.737886666666667,0.06808035714285715,0.07477678571428571
0,0.07500000000000001,4800.0,0.45,7.0,2.146744444444445,2.2977000000000003,0.0703125,0.07254464285714286
0,0.1,4800.0,0.525,7.0,1.895171428571429,1.914352380952381,0.07142857142857142,0.07142857142857142
0,0.125,4800.0,0.6000000000000001,7.0,1.6644041666666665,1.6689291666666666,0.07142857142857142,0.07142857142857142
0,0.15000000000000002,4800.0,0.65,7.0,1.5651307692307692,1.5117923076923079,0.07254464285714286,0.0703125
0,0.17500000000000002,4800.0,0.7000000000000001,7.0,1.4671214285714287,1.3900214285714285,0.07366071428571429,0.06919642857142856
0,0.2,4800.0,0.75,7.0,1.3832333333333335,1.2834333333333334,0.07366071428571429,0.06919642857142856
0,0.225,4800.0,0.8,7.0,1.317296875,1.182703125,0.07477678571428571,0.06808035714285715
0,0.25,4800.0,0.8250000000000001,7.0,1.2884878787878788,1.1357545454545455,0.07589285714285714,0.06696428571428571
0,0.275,4800.0,0.875,7.0,1.2263857142857144,1.0593285714285714,0.07700892857142858,0.06584821428571429
0,0.30000000000000004,4800.0,0.925,7.0,1.1699783783783786,0.9921837837837839,0.07700892857142858,0.06584821428571429
0,0.325,4800.0,0.9500000000000001,7.0,1.1603868421052632,0.9448763157894737,0.078125,0.06473214285714285
0,0.35000000000000003,4800.0,0.9750000000000001,6.0,1.0860179487179487,0.9652641025641026,0.08854166666666666,0.078125
0,0.375,4800.0,1.0,6.0,1.067765,0.9322350000000001,0.08854166666666666,0.078125
0,0.4,4800.0,1.0250000000000001,6.0,1.048070731707317,0.9031487804878048,0.09114583333333333,0.07552083333333333
0,0.42500000000000004,4800.0,1.075,6.0,1.0150906976744187,0.8453744186046512,0.09114583333333333,0.07552083333333333
0,0.45,4800.0,1.1,6.0,0.9983159090909091,0.8198659090909091,0.09114583333333333,0.07552083333333333
0,0.47500000000000003,4800.0,1.1500000000000001,7.0,1.0107978260869566,0.7283326086956522,0.08370535714285714,0.05915178571428572
0,0.5,4800.0,1.175,7.0,0.9944659574468087,0.7076617021276597,0.08370535714285714,0.05915178571428572
0,0.0,5100.0,0.025,7.0,16.52,63.480000000000004,0.06808035714285715,0.07477678571428571
0,0.025,5100.0,0.25,7.0,3.85476,4.145240000000001,0.06919642857142856,0.07366071428571429
0,0.05,5100.0,0.35000000000000003,7.0,2.7856571428571426,2.9286285714285714,0.06919642857142856,0.07366071428571429
0,0.07500000000000001,5100.0,0.45,7.0,2.18135,2.2630944444444445,0.0703125,0.07254464285714286
0,0.1,5100.0,0.5,7.0,1.97681,2.0231900000000005,0.0703125,0.07254464285714286
0,0.125,5100.0,0.5750000000000001,7.0,1.7415086956521737,1.7367521739130434,0.07142857142857142,0.07142857142857142
0,0.15000000000000002,5100.0,0.625,7.0,1.6192080000000002,1.5807920000000002,0.07254464285714286,0.0703125
0,0.17500000000000002,5100.0,0.675,7.0,1.519162962962963,1.4438000000000002,0.07366071428571429,0.06919642857142856
0,0.2,5100.0,0.7250000000000001,7.0,1.4350275862068966,1.3235931034482757,0.07366071428571429,0.06919642857142856
0,0.225,5100.0,0.775,7.0,1.3550903225806452,1.2255548387096775,0.07477678571428571,0.06808035714285715
0,0.25,5100.0,0.8,7.0,1.3281031250000002,1.171896875,0.07589285714285714,0.06696428571428571
0,0.275,5100.0,0.8500000000000001,7.0,1.2662264705882353,1.086714705882353,0.07700892857142858,0.06584821428571429
0,0.30000000000000004,5100.0,0.9,7.0,1.2090305555555556,1.0131916666666667,0.078125,0.06473214285714285
0,0.325,5100.0,0.9,6.0,1.1619249999999999,1.0602972222222222,0.08854166666666666,0.078125
0,0.35000000000000003,5100.0,0.9500000000000001,6.0,1.1119184210526316,0.9933447368421053,0.08854166666666666,0.078125
0,0.375,5100.0,0.9750000000000001,6.0,1.0904358974358974,0.9608461538461539,0.08854166666666666,0.078125
0,0.4,5100.0,1.0,6.0,1.0752000000000002,0.9248000000000001,0.09114583333333333,0.07552083333333333
0,0.42500000000000004,5100.0,1.0250000000000001,6.0,1.064392682926829,0.8868268292682926,0.09114583333333333,0.07552083333333333
0,0.45,5100.0,1.075,6.0,1.0217209302325583,0.8387441860465117,0.09114583333333333,0.07552083333333333
0,0.47500000000000003,5100.0,1.125,7.0,1.0332866666666667,0.7444911111111112,0.08370535714285714,0.05915178571428572
0,0.5,5100.0,1.1500000000000001,7.0,1.0141999999999998,0.7249304347826088,0.08370535714285714,0.05915178571428572
0,0.0,5400.0,0.025,7.0,80.0,0.0,0.06808035714285715,0.07477678571428571
0,0.025,5400.0,0.25,7.0,3.89196,4.10804,0.06808035714285715,0.07477678571428571
0,0.05,5400.0,0.35000000000000003,7.0,2.7702428571428572,2.944042857142857,0.06919642857142856,0.07366071428571429
0,0.07500000000000001,5400.0,0.42500000000000004,7.0,2.2766235294117645,2.429258823529412,0.06919642857142856,0.07366071428571429
0,0.1,5400.0,0.5,7.0,1.9882950000000001,2.011705,0.0703125,0.07254464285714286
0,0.125,5400.0,0.55,7.0,1.817818181818182,1.8185454545454545,0.07142857142857142,0.07142857142857142
0,0.15000000000000002,5400.0,0.6000000000000001,6.0,1.5756208333333332,1.7577124999999996,0.078125,0.08854166666666666
0,0.17500000000000002,5400.0,0.65,7.0,1.5748423076923077,1.5020807692307692,0.07366071428571429,0.06919642857142856
0,0.2,5400.0,0.7000000000000001,7.0,1.491192857142857,1.3659499999999998,0.07477678571428571,0.06808035714285715
0,0.225,5400.0,0.75,7.0,1.4066333333333334,1.2600333333333336,0.07589285714285714,0.06696428571428571
0,0.25,5400.0,0.8,7.0,1.3305843750000002,1.169415625,0.07589285714285714,0.06696428571428571
0,0.275,5400.0,0.8250000000000001,7.0,1.3057696969696972,1.1184727272727273,0.07700892857142858,0.06584821428571429
0,0.30000000000000004,5400.0,0.875,7.0,1.2397885714285715,1.0459257142857143,0.07700892857142858,0.06584821428571429
0,0.325,5400.0,0.875,6.0,1.189442857142857,1.0962714285714288,0.08854166666666666,0.078125
0,0.35000000000000003,5400.0,0.925,7.0,1.1950864864864865,0.9670756756756758,0.07924107142857142,0.06361607142857144
0,0.375,5400.0,0.9500000000000001,6.0,1.1179078947368424,0.9873552631578947,0.08854166666666666,0.078125
0,0.4,5400.0,0.9750000000000001,6.0,1.1048923076923076,0.9463897435897436,0.08854166666666666,0.078125
0,0.42500000000000004,5400.0,1.0,6.0,1.086365,0.9136350000000001,0.09114583333333333,0.07552083333333333
0,0.45,5400.0,1.0250000000000001,6.0,1.0705487804878047,0.8806707317073169,0.09375,0.07291666666666667
0,0.47500000000000003,5400.0,1.05,6.0,1.0551309523809522,0.8496309523809523,0.09375,0.07291666666666667
0,0.5,5400.0,1.125,7.0,1.0429622222222221,0.7348155555555556,0.08370535714285714,0.05915178571428572
0,0.0,5700.0,0.025,7.0,80.0,0.0,0.06808035714285715,0.07477678571428571
0,0.025,5700.0,0.25,7.0,3.8463500000000006,4.153650000000001,0.06808035714285715,0.07477678571428571
0,0.05,5700.0,0.35000000000000003,7.0,2.7827714285714285,2.9315142857142855,0.06919642857142856,0.07366071428571429
0,0.07500000000000001,5700.0,0.42500000000000004,7.0,2.2708117647058828,2.4350705882352943,0.0703125,0.07254464285714286
0,0.1,5700.0,0.47500000000000003,7.0,2.0833000000000004,2.1272263157894735,0.0703125,0.07254464285714286
0,0.125,5700.0,0.55,7.0,1.8252818181818182,1.8110818181818182,0.07254464285714286,0.0703125
0,0.15000000000000002,5700.0,0.6000000000000001,7.0,1.6790791666666665,1.6542541666666666,0.07254464285714286,0.0703125
0,0.17500000000000002,5700.0,0.65,7.0,1.5921615384615386,1.4847615384615385,0.07366071428571429,0.06919642857142856
0,0.2,5700.0,0.675,7.0,1.5379666666666667,1.4249962962962963,0.07366071428571429,0.06919642857142856
0,0.225,5700.0,0.7250000000000001,7.0,1.4474655172413793,1.311155172413793,0.07589285714285714,0.06696428571428571
0,0.25,5700.0,0.775,7.0,1.3799354838709679,1.2007096774193549,0.07589285714285714,0.06696428571428571
0,0.275,5700.0,0.8,7.0,1.3390406250000002,1.1609593750000002,0.07700892857142858,0.06584821428571429
0,0.30000000000000004,5700.0,0.8250000000000001,6.0,1.2488363636363637,1.1754060606060608,0.0859375,0.08072916666666667
0,0.325,5700.0,0.875,7.0,1.2552657142857142,1.0304485714285716,0.078125,0.06473214285714285
0,0.35000000000000003,5700.0,0.9,7.0,1.228275,0.9939472222222223,0.07924107142857142,0.06361607142857144
0,0.375,5700.0,0.9500000000000001,7.0,1.175347368421053,0.9299157894736843,0.08035714285714285,0.0625
0,0.4,5700.0,0.9500000000000001,6.0,1.1308236842105264,0.9744394736842105,0.09114583333333333,0.07552083333333333
0,0.42500000000000004,5700.0,0.9750000000000001,6.0,1.1159820512820513,0.9353000000000001,0.09114583333333333,0.07552083333333333
0,0.45,5700.0,1.0,6.0,1.0960925,0.9039075000000002,0.09114583333333333,0.07552083333333333
0,0.47500000000000003,5700.0,1.05,7.0,1.1108666666666667,0.7938952380952382,0.08258928571428571,0.06026785714285714
0,0.5,5700.0,1.075,7.0,1.0821883720930234,0.7782767441860465,0.08370535714285714,0.05915178571428572
0,0.0,6000.0,0.025,7.0,0.0,80.0,0.06696428571428571,0.07589285714285714
0,0.025,6000.0,0.225,7.0,4.336577777777778,4.552311111111111,0.06808035714285715,0.07477678571428571
0,0.05,6000.0,0.325,7.0,2.998769230769231,3.1550769230769236,0.06919642857142856,0.07366071428571429
0,0.07500000000000001,6000.0,0.4,7.0,2.41811875,2.5818812500000003,0.0703125,0.07254464285714286
0,0.1,6000.0,0.47500000000000003,7.0,2.088315789473685,2.1222105263157895,0.0703125,0.07254464285714286
0,0.125,6000.0,0.525,6.0,1.7848428571428574,2.0246809523809524,0.078125,0.08854166666666666
0,0.15000000000000002,6000.0,0.5750000000000001,7.0,1.7659086956521737,1.7123521739130434,0.07254464285714286,0.0703125
0,0.17500000000000002,6000.0,0.6000000000000001,6.0,1.6100124999999998,1.7233208333333332,0.08072916666666667,0.0859375
0,0.2,6000.0,0.675,7.0,1.5512333333333337,1.4117296296296298,0.07366071428571429,0.06919642857142856
0,0.225,6000.0,0.7000000000000001,7.0,1.4971142857142856,1.3600285714285714,0.07589285714285714,0.06696428571428571
0,0.25,6000.0,0.75,7.0,1.4144033333333335,1.2522633333333333,0.07589285714285714,0.06696428571428571
0,0.275,6000.0,0.775,7.0,1.3912870967741937,1.189358064516129,0.07700892857142858,0.06584821428571429
0,0.30000000000000004,6000.0,0.8250000000000001,7.0,1.3110121212121213,1.113230303030303,0.07700892857142858,0.06584821428571429
0,0.325,6000.0,0.8500000000000001,7.0,1.2881411764705883,1.0648,0.078125,0.06473214285714285
0,0.35000000000000003,6000.0,0.875,7.0,1.2676514285714287,1.0180628571428572,0.07924107142857142,0.06361607142857144
0,0.375,6000.0,0.925,7.0,1.210537837837838,0.9516243243243243,0.08035714285714285,0.0625
0,0.4,6000.0,0.925,6.0,1.1624675675675675,0.9996945945945948,0.08854166666666666,0.078125
0,0.42500000000000004,6000.0,0.9500000000000001,6.0,1.146821052631579,0.9584421052631579,0.09114583333333333,0.07552083333333333
0,0.45,6000.0,0.9750000000000001,6.0,1.1288871794871795,0.922394871794872,0.09114583333333333,0.07552083333333333
0,0.47500000000000003,6000.0,1.0250000000000001,7.0,1.1305439024390243,0.8206756097560974,0.08370535714285714,0.05915178571428572
0,0.5,6000.0,1.05,7.0,1.1047166666666668,0.8000452380952381,0.08370535714285714,0.05915178571428572
